http://www.jnj.com,Johnson &amp;amp; Johnson
http://https://corporate.thermofisher.com/us/en/index.html,Thermo Fisher Scientific
http://jobs.iqvia.com,IQVIA
http://www.pfizer.com,Pfizer
http://www.gsk.com,GSK
http://www.merck.com,Merck
http://www.sanofi.com,Sanofi
http://www.novartis.com,Novartis
http://www.gene.com,Genentech
http://career.bayer.com,Bayer
http://www.amgen.com,Amgen
http://www.astrazeneca.com,AstraZeneca
http://www.roche.com,Roche
http://www.parexel.com,Parexel
http://www.bms.com,Bristol Myers Squibb
http://www.abbvie.com,AbbVie
http://http://www.ppd.com,PPD
http://www.lilly.com,Eli Lilly and Company
http://www.gilead.com,Gilead Sciences
http://http://www.baxter.com,Baxter
http://www.eurofins.com,Eurofins Scientific
http://www.nih.gov,NIH
http://www.takeda.com,Takeda Pharmaceuticals
http://www.iconplc.com,ICON
http://www.illumina.com,Illumina
http://www.boehringer-ingelheim.com,Boehringer Ingelheim
http://https://www.zimmerbiomet.com,Zimmer Biomet
http://www.agilent.com/go/careers,Agilent Technologies
http://www.regeneron.com,Regeneron
http://www.syneoshealth.com,Syneos Health 
http://www.biogen.com,Biogen
http://https://careers.catalent.com/us/en,Catalent Pharma
http://www.alcon.com,Alcon
http://www.amerisourcebergen.com,AmerisourceBergen
http://www.grifols.com,Grifols
http://www.sigmaaldrich.com,MilliporeSigma
http://www.novonordisk.com,Novo Nordisk
http://www.tevapharm.com,Teva Pharmaceuticals
http://www.prahs.com,PRA Health Sciences
http://www.allergan.com,Allergan
